...1,NAME,SIZE.x,MILK,CALORIES,TOTAL_FAT_g,SATURATED_FAT_g,TRANS_FAT_g,CHOLESTEROL_mg,SODIUM_mg,TOTAL_CARB_g,DIETARY_FIBER_g,SUGAR_g,PROTEIN_g,CAFFEINE_mg,SIZE.y,CALS,PRICE,CPD
76,Cappuccino,Small,Whole,120,7,4,0,20,85,9,0,9,6,71,S,120,2,35.5
76,Cappuccino,Small,Whole,120,7,4,0,20,85,9,0,9,6,71,M,160,2.79,25.448028673835125
76,Cappuccino,Small,Whole,120,7,4,0,20,85,9,0,9,6,71,L,210,3.19,22.25705329153605
77,Cappuccino,Medium,Whole,140,8,4.5,0,25,105,11,0,11,8,142,S,120,2,71
77,Cappuccino,Medium,Whole,140,8,4.5,0,25,105,11,0,11,8,142,M,160,2.79,50.89605734767025
77,Cappuccino,Medium,Whole,140,8,4.5,0,25,105,11,0,11,8,142,L,210,3.19,44.5141065830721
78,Cappuccino,Large,Whole,180,10,6,0,30,130,13,0,13,9,178,S,120,2,89
78,Cappuccino,Large,Whole,180,10,6,0,30,130,13,0,13,9,178,M,160,2.79,63.799283154121866
78,Cappuccino,Large,Whole,180,10,6,0,30,130,13,0,13,9,178,L,210,3.19,55.79937304075235
79,Latte,Small,Whole,150,8,4.5,0,25,105,11,0,11,8,71,S,140,2,35.5
79,Latte,Small,Whole,150,8,4.5,0,25,105,11,0,11,8,71,M,190,2.99,23.74581939799331
79,Latte,Small,Whole,150,8,4.5,0,25,105,11,0,11,8,71,L,250,3.39,20.94395280235988
80,Latte,Medium,Whole,180,10,6,0,30,130,13,0,13,10,142,S,140,2,71
80,Latte,Medium,Whole,180,10,6,0,30,130,13,0,13,10,142,M,190,2.99,47.49163879598662
80,Latte,Medium,Whole,180,10,6,0,30,130,13,0,13,10,142,L,250,3.39,41.88790560471976
81,Latte,Large,Whole,210,11,7,0,35,150,16,0,16,11,178,S,140,2,89
81,Latte,Large,Whole,210,11,7,0,35,150,16,0,16,11,178,M,190,2.99,59.531772575250834
81,Latte,Large,Whole,210,11,7,0,35,150,16,0,16,11,178,L,250,3.39,52.50737463126843
82,Caramel Cappuccino,Small,Whole,200,5,3,0,15,125,32,0,32,5,71,S,210,2,35.5
82,Caramel Cappuccino,Small,Whole,200,5,3,0,15,125,32,0,32,5,71,M,260,2.79,25.448028673835125
82,Caramel Cappuccino,Small,Whole,200,5,3,0,15,125,32,0,32,5,71,L,340,3.19,22.25705329153605
83,Caramel Cappuccino,Medium,Whole,240,6,3.5,0,20,150,41,0,40,6,142,S,210,2,71
83,Caramel Cappuccino,Medium,Whole,240,6,3.5,0,20,150,41,0,40,6,142,M,260,2.79,50.89605734767025
83,Caramel Cappuccino,Medium,Whole,240,6,3.5,0,20,150,41,0,40,6,142,L,340,3.19,44.5141065830721
84,Caramel Cappuccino,Large,Whole,290,8,4.5,0,25,190,49,0,49,8,178,S,210,2,89
84,Caramel Cappuccino,Large,Whole,290,8,4.5,0,25,190,49,0,49,8,178,M,260,2.79,63.799283154121866
84,Caramel Cappuccino,Large,Whole,290,8,4.5,0,25,190,49,0,49,8,178,L,340,3.19,55.79937304075235
85,Caramel Latte,Small,Whole,230,7,4,0,20,140,35,0,35,7,71,S,250,2,35.5
85,Caramel Latte,Small,Whole,230,7,4,0,20,140,35,0,35,7,71,M,320,2.99,23.74581939799331
85,Caramel Latte,Small,Whole,230,7,4,0,20,140,35,0,35,7,71,L,400,3.39,20.94395280235988
86,Caramel Latte,Medium,Whole,280,8,4.5,0,25,170,43,0,43,8,142,S,250,2,71
86,Caramel Latte,Medium,Whole,280,8,4.5,0,25,170,43,0,43,8,142,M,320,2.99,47.49163879598662
86,Caramel Latte,Medium,Whole,280,8,4.5,0,25,170,43,0,43,8,142,L,400,3.39,41.88790560471976
87,Caramel Latte,Large,Whole,330,9,5,0,30,210,52,0,51,9,178,S,250,2,89
87,Caramel Latte,Large,Whole,330,9,5,0,30,210,52,0,51,9,178,M,320,2.99,59.531772575250834
87,Caramel Latte,Large,Whole,330,9,5,0,30,210,52,0,51,9,178,L,400,3.39,52.50737463126843
88,Hazelnut Cappuccino,Small,Whole,200,5,3,0,15,70,34,0,34,5,71,S,200,2,35.5
88,Hazelnut Cappuccino,Small,Whole,200,5,3,0,15,70,34,0,34,5,71,M,240,2.79,25.448028673835125
88,Hazelnut Cappuccino,Small,Whole,200,5,3,0,15,70,34,0,34,5,71,L,320,3.19,22.25705329153605
89,Hazelnut Cappuccino,Medium,Whole,240,6,3.5,0,20,85,42,0,42,6,142,S,200,2,71
89,Hazelnut Cappuccino,Medium,Whole,240,6,3.5,0,20,85,42,0,42,6,142,M,240,2.79,50.89605734767025
89,Hazelnut Cappuccino,Medium,Whole,240,6,3.5,0,20,85,42,0,42,6,142,L,320,3.19,44.5141065830721
90,Hazelnut Cappuccino,Large,Whole,290,8,4.5,0,25,105,51,0,51,7,178,S,200,2,89
90,Hazelnut Cappuccino,Large,Whole,290,8,4.5,0,25,105,51,0,51,7,178,M,240,2.79,63.799283154121866
90,Hazelnut Cappuccino,Large,Whole,290,8,4.5,0,25,105,51,0,51,7,178,L,320,3.19,55.79937304075235
91,Hazelnut Latte,Small,Whole,230,7,4,0,20,90,36,0,36,7,71,S,230,2,35.5
91,Hazelnut Latte,Small,Whole,230,7,4,0,20,90,36,0,36,7,71,M,300,2.99,23.74581939799331
91,Hazelnut Latte,Small,Whole,230,7,4,0,20,90,36,0,36,7,71,L,370,3.39,20.94395280235988
92,Hazelnut Latte,Medium,Whole,280,8,4.5,0,25,110,45,0,45,8,142,S,230,2,71
92,Hazelnut Latte,Medium,Whole,280,8,4.5,0,25,110,45,0,45,8,142,M,300,2.99,47.49163879598662
92,Hazelnut Latte,Medium,Whole,280,8,4.5,0,25,110,45,0,45,8,142,L,370,3.39,41.88790560471976
93,Hazelnut Latte,Large,Whole,330,9,5,0,30,130,53,0,53,9,178,S,230,2,89
93,Hazelnut Latte,Large,Whole,330,9,5,0,30,130,53,0,53,9,178,M,300,2.99,59.531772575250834
93,Hazelnut Latte,Large,Whole,330,9,5,0,30,130,53,0,53,9,178,L,370,3.39,52.50737463126843
94,Vanilla Cappuccino,Small,Whole,200,5,3,0,15,70,34,0,34,5,71,S,190,2,35.5
94,Vanilla Cappuccino,Small,Whole,200,5,3,0,15,70,34,0,34,5,71,M,230,2.79,25.448028673835125
94,Vanilla Cappuccino,Small,Whole,200,5,3,0,15,70,34,0,34,5,71,L,310,3.19,22.25705329153605
95,Vanilla Cappuccino,Medium,Whole,240,6,3.5,0,20,85,42,0,42,6,142,S,190,2,71
95,Vanilla Cappuccino,Medium,Whole,240,6,3.5,0,20,85,42,0,42,6,142,M,230,2.79,50.89605734767025
95,Vanilla Cappuccino,Medium,Whole,240,6,3.5,0,20,85,42,0,42,6,142,L,310,3.19,44.5141065830721
96,Vanilla Cappuccino,Large,Whole,290,8,4.5,0,25,105,51,0,51,7,178,S,190,2,89
96,Vanilla Cappuccino,Large,Whole,290,8,4.5,0,25,105,51,0,51,7,178,M,230,2.79,63.799283154121866
96,Vanilla Cappuccino,Large,Whole,290,8,4.5,0,25,105,51,0,51,7,178,L,310,3.19,55.79937304075235
106,Mocha,Small,Whole,280,11,6,0,20,125,40,0,33,6,86,S,300,2,43
106,Mocha,Small,Whole,280,11,6,0,20,125,40,0,33,6,86,M,380,2.99,28.762541806020064
106,Mocha,Small,Whole,280,11,6,0,20,125,40,0,33,6,86,L,470,3.39,25.36873156342183
107,Mocha,Medium,Whole,330,12,7,0,25,150,48,0,41,7,167,S,300,2,83.5
107,Mocha,Medium,Whole,330,12,7,0,25,150,48,0,41,7,167,M,380,2.99,55.852842809364546
107,Mocha,Medium,Whole,330,12,7,0,25,150,48,0,41,7,167,L,470,3.39,49.26253687315634
108,Mocha,Large,Whole,400,14,8,0.5,30,190,58,0,49,10,200,S,300,2,100
108,Mocha,Large,Whole,400,14,8,0.5,30,190,58,0,49,10,200,M,380,2.99,66.8896321070234
108,Mocha,Large,Whole,400,14,8,0.5,30,190,58,0,49,10,200,L,470,3.39,58.99705014749262
112,Iced Latte,Small,Whole,80,4.5,2.5,0,15,65,6,0,6,4,71,S,90,2,35.5
112,Iced Latte,Small,Whole,80,4.5,2.5,0,15,65,6,0,6,4,71,M,120,2.79,25.448028673835125
112,Iced Latte,Small,Whole,80,4.5,2.5,0,15,65,6,0,6,4,71,L,170,3.19,22.25705329153605
113,Iced Latte,Medium,Whole,100,6,3.5,0,15,80,8,0,8,6,142,S,90,2,71
113,Iced Latte,Medium,Whole,100,6,3.5,0,15,80,8,0,8,6,142,M,120,2.79,50.89605734767025
113,Iced Latte,Medium,Whole,100,6,3.5,0,15,80,8,0,8,6,142,L,170,3.19,44.5141065830721
114,Iced Latte,Large,Whole,140,8,4.5,0,25,105,10,0,10,7,178,S,90,2,89
114,Iced Latte,Large,Whole,140,8,4.5,0,25,105,10,0,10,7,178,M,120,2.79,63.799283154121866
114,Iced Latte,Large,Whole,140,8,4.5,0,25,105,10,0,10,7,178,L,170,3.19,55.79937304075235
115,Iced Caramel Latte,Small,Whole,160,3,1.5,0,10,100,29,0,29,3,71,S,180,2,35.5
115,Iced Caramel Latte,Small,Whole,160,3,1.5,0,10,100,29,0,29,3,71,M,220,2.79,25.448028673835125
115,Iced Caramel Latte,Small,Whole,160,3,1.5,0,10,100,29,0,29,3,71,L,330,3.19,22.25705329153605
116,Iced Caramel Latte,Medium,Whole,180,4.5,2.5,0,15,120,31,0,31,4,142,S,180,2,71
116,Iced Caramel Latte,Medium,Whole,180,4.5,2.5,0,15,120,31,0,31,4,142,M,220,2.79,50.89605734767025
116,Iced Caramel Latte,Medium,Whole,180,4.5,2.5,0,15,120,31,0,31,4,142,L,330,3.19,44.5141065830721
117,Iced Caramel Latte,Large,Whole,230,6,3.5,0,15,150,40,0,40,6,178,S,180,2,89
117,Iced Caramel Latte,Large,Whole,230,6,3.5,0,15,150,40,0,40,6,178,M,220,2.79,63.799283154121866
117,Iced Caramel Latte,Large,Whole,230,6,3.5,0,15,150,40,0,40,6,178,L,330,3.19,55.79937304075235
118,Iced Hazelnut Latte,Small,Whole,160,3,1.5,0,10,45,31,0,31,3,71,S,170,2,35.5
118,Iced Hazelnut Latte,Small,Whole,160,3,1.5,0,10,45,31,0,31,3,71,M,200,2.79,25.448028673835125
118,Iced Hazelnut Latte,Small,Whole,160,3,1.5,0,10,45,31,0,31,3,71,L,310,3.19,22.25705329153605
119,Iced Hazelnut Latte,Medium,Whole,180,4.5,2.5,0,15,65,33,0,33,4,142,S,170,2,71
119,Iced Hazelnut Latte,Medium,Whole,180,4.5,2.5,0,15,65,33,0,33,4,142,M,200,2.79,50.89605734767025
119,Iced Hazelnut Latte,Medium,Whole,180,4.5,2.5,0,15,65,33,0,33,4,142,L,310,3.19,44.5141065830721
120,Iced Hazelnut Latte,Large,Whole,230,6,3.5,0,15,85,41,0,41,6,178,S,170,2,89
120,Iced Hazelnut Latte,Large,Whole,230,6,3.5,0,15,85,41,0,41,6,178,M,200,2.79,63.799283154121866
120,Iced Hazelnut Latte,Large,Whole,230,6,3.5,0,15,85,41,0,41,6,178,L,310,3.19,55.79937304075235
127,Iced Mocha,Medium,Whole,310,13,8,0,25,140,42,0,35,7,167,S,280,2,83.5
127,Iced Mocha,Medium,Whole,310,13,8,0,25,140,42,0,35,7,167,M,330,2.99,55.852842809364546
127,Iced Mocha,Medium,Whole,310,13,8,0,25,140,42,0,35,7,167,L,460,3.39,49.26253687315634
128,Caramel Mocha,Large,Whole,360,14,8,0.5,35,220,47,0,46,10,200,S,280,2,100
128,Caramel Mocha,Large,Whole,360,14,8,0.5,35,220,47,0,46,10,200,M,330,2.99,66.8896321070234
128,Caramel Mocha,Large,Whole,360,14,8,0.5,35,220,47,0,46,10,200,L,420,3.39,58.99705014749262
129,Caramel Mocha,Medium,Whole,290,12,7,0,25,180,39,0,38,8,167,S,280,2,83.5
129,Caramel Mocha,Medium,Whole,290,12,7,0,25,180,39,0,38,8,167,M,330,2.99,55.852842809364546
129,Caramel Mocha,Medium,Whole,290,12,7,0,25,180,39,0,38,8,167,L,420,3.39,49.26253687315634
130,Caramel Mocha,Small,Whole,250,11,6,0,25,150,33,0,31,7,86,S,280,2,43
130,Caramel Mocha,Small,Whole,250,11,6,0,25,150,33,0,31,7,86,M,330,2.99,28.762541806020064
130,Caramel Mocha,Small,Whole,250,11,6,0,25,150,33,0,31,7,86,L,420,3.39,25.36873156342183
131,Iced Caramel Mocha,Large,Whole,380,16,9,0.5,35,210,48,0,46,10,200,S,230,2,100
131,Iced Caramel Mocha,Large,Whole,380,16,9,0.5,35,210,48,0,46,10,200,M,300,2.99,66.8896321070234
131,Iced Caramel Mocha,Large,Whole,380,16,9,0.5,35,210,48,0,46,10,200,L,410,3.39,58.99705014749262
132,Iced Caramel Mocha,Medium,Whole,300,14,8,0,30,160,36,0,33,8,167,S,230,2,83.5
132,Iced Caramel Mocha,Medium,Whole,300,14,8,0,30,160,36,0,33,8,167,M,300,2.99,55.852842809364546
132,Iced Caramel Mocha,Medium,Whole,300,14,8,0,30,160,36,0,33,8,167,L,410,3.39,49.26253687315634
133,Iced Caramel Mocha,Small,Whole,240,12,7,0,25,130,29,0,26,6,86,S,230,2,43
133,Iced Caramel Mocha,Small,Whole,240,12,7,0,25,130,29,0,26,6,86,M,300,2.99,28.762541806020064
133,Iced Caramel Mocha,Small,Whole,240,12,7,0,25,130,29,0,26,6,86,L,410,3.39,25.36873156342183
